field_domain_id,field_site_id,field_site_name,field_site_type,field_site_subtype,field_colocated_site,field_site_host,field_site_url,field_nonneon_research_allowed,field_access_details,field_neon_field_operations_office,field_latitude,field_longitude,field_geodetic_datum,field_utm_northing,field_utm_easting,field_utm_zone,field_site_county,field_site_state,field_site_country,field_mean_elevation_m,field_minimum_elevation_m,field_maximum_elevation_m,field_mean_annual_temperature_C,field_mean_annual_precipitation_mm,field_dominant_wind_direction,field_mean_canopy_height_m,field_dominant_nlcd_classes,field_domint_plant_species,field_usgs_huc,field_watershed_name,field_watershed_size_km2,field_lake_depth_mean_m,field_lake_depth_max_m,field_tower_height_m,field_usgs_geology_unit,field_megapit_soil_family,field_soil_subgroup,field_avg_number_of_green_days,field_avg_grean_increase_doy,field_avg_green_max_doy,field_avg_green_decrease_doy,field_avg_green_min_doy,field_phenocams,field_number_tower_levels
D16,ABBY,Abby Road NEON,Gradient Terrestrial,,,Washington Department of Natural Resources,https://www.dnr.wa.gov/,Limited,Reseachers should coordinate with the site manager and submit a site research permit.,Domain 16 Support Facility,45.762439,-122.33032,WGS84,5067870.429,552075.5426,10N,Clark,WA,USA,365,,708,10,2451,,34m (in surrounding non-logged area),Evergreen Forest|Grassland/Herbaceous|Shrub/Scrub,Gaultheria shallon (salal)|Pseudotsuga menziesii (douglas fir)|Pteridium aquilinum (bracken fern),,,,,,19,WAEOv1b;0,,Andic Humudepts,190,110,165,205,300,[Tower top](https://phenocam.sr.unh.edu/webcam/sites/NEON.D16.ABBY.DP1.00033)|[Tower bottom](https://phenocam.sr.unh.edu/webcam/sites/NEON.D16.ABBY.DP1.00042),5
D10,ARIK,Arikaree River NEON,Core Aquatic,Wadeable Stream,,The Nature Conservancy,https://www.nature.org/en-us/get-involved/how-to-help/places-we-protect/fox-ranch/,Yes,Reseachers should coordinate with the site manager.,Domain 10/13 Support Facility,39.758206,-102.44715,WGS84,4404042.549,718694.3752,13N,Yuma,CO,USA,1179,,,10.4,452,,,Emergent Herbaceous Wetlands|Grassland/Herbaceous|Woody Wetlands,,[h10250001](https://water.usgs.gov/lookup/getwatershed?10250001),Lower Sappa,2631.8,,,,COTo;0|COQe;0,,,,,,,,[Land-water interface](https://phenocam.sr.unh.edu/webcam/sites/NEON.D10.ARIK.DP1.20002),
D03,BARC,Lake Barco NEON,Core Aquatic,Lake,OSBS,University of Florida Foundation,https://ordway-swisher.ufl.edu/ResearchUse.aspx,Yes,This area is a very active research community and will required a site research permit.,Domain 03 Support Facility,29.675982,-82.008414,WGS84,3283362.548,402358.9734,17N,Putnam,FL,USA,27,,,20.9,1308,,,Shrub/Scrub,,[h03080103](https://water.usgs.gov/lookup/getwatershed?03080103),Lower St. Johns,31.3,3.3,6.7,,FLPOc;0,,,,,,,,[Land-water interface](https://phenocam.sr.unh.edu/webcam/sites/NEON.D03.BARC.DP1.20002),
D18,BARR,Utqiaġvik NEON,Gradient Terrestrial,,,Ukpeagvik Inupiat Corporation,http://www.north-slope.org/departments/planning-community-services/applications-and-forms,Yes,Reseachers should coordinate with the site manager and submit appropriate site research-access permit.,Domain 18/19 Support Facility,71.28241,-156.61936,WGS84,7910571.986,585246.1299,4N,North Slope,AK,USA,4,0,13,-12,105,E,0.3,Emergent Herbaceous Wetlands,Carex aquatilis (water sedge)|Dupontia fisheri (Fisher's tundragrass)|Petasites frigidus (Arctic sweet coltsfoot),,,,,,9,A003.BW002_114,,Typic Histoturbels,45,175,195,210,220,[Tower top](https://phenocam.sr.unh.edu/webcam/sites/NEON.D18.BARR.DP1.00033)|[Tower bottom](https://phenocam.sr.unh.edu/webcam/sites/NEON.D18.BARR.DP1.00042),4
D01,BART,Bartlett Experimental Forest NEON,Gradient Terrestrial,,,"Northern Research Station, US Forest Service",https://www.nrs.fs.fed.us/ef/locations/nh/bartlett/,Yes,Bartlett Experimental Forest has very limited staff and the USFS personnel are NOT available to support external researchers. Permitting requests for research activities should be submitted at least 6 months prior to planned start.,Domain 01 Support Facility,44.063889,-71.287375,WGS84,4881511.552,316812.1595,19N,Carroll,NH,USA,274,230,655,6.2,1325,S,23,Deciduous Forest|Evergreen Forest|Mixed Forest,Fagus grandifolia (American beech)|Tsuga canadensis (Eastern hemlock)|Acer rubrum (Red maple),,,,,,35,NHJc1b;0,"Coarse-loamy, isotic, frigid.  Aquic Haplorthods.",Aquic Haplorthods,180,120,170,220,300,[Tower top](https://phenocam.sr.unh.edu/webcam/sites/NEON.D01.BART.DP1.00033)|[Tower bottom](https://phenocam.sr.unh.edu/webcam/sites/NEON.D01.BART.DP1.00042),6
D17,BIGC,Upper Big Creek NEON,Gradient Aquatic,Wadeable Stream,,US Forest Service,https://www.fs.usda.gov/sierra/,Yes,Researchers should coordinate directly with the US Forest Service for permitting and approval.,Domain 17 Support Facility,37.059719,-119.25755,WGS84,4103686.499,299408.5848,11N,Fresno,CA,USA,1197,,,13.4,900,,,Evergreen Forest,,[h18030010](https://water.usgs.gov/lookup/getwatershed?18030010),Upper King,10.9,,,,CAgrMZ3;0,,,,,,,,[Land-water interface](https://phenocam.sr.unh.edu/webcam/sites/NEON.D17.BIGC.DP1.20002),
D02,BLAN,Blandy Experimental Farm NEON,Gradient Terrestrial,,LEWI,University of Virginia|Private Land,http://blandy.virginia.edu/research|,Yes (Tower and TIS) / Very Limited,Research activity at the NEON tower area via University of Virginia. / Very limited available via private land owner.,Domain 02 Support Facility,39.033698,-78.041788,WGS84,4327545.884,753379.5421,17N,Clarke,VA,USA,183,119,193,12.1,983,NW,1,Deciduous Forest|Pasture/Hay,Rhamnus davurica (dahurian buckthorn)|Lonicera maackii (amur honeysuckle)|Juglans nigra (eastern black walnut),,,,,,8,VAOCAco;0,"Fine, mixed, subactive, mesic. Ultic Hapludalfs.",Ultic Hapludalfs,235,75,150,210,310,[Tower top](https://phenocam.sr.unh.edu/webcam/sites/NEON.D02.BLAN.DP1.00033)|[Tower bottom](https://phenocam.sr.unh.edu/webcam/sites/NEON.D02.BLAN.DP1.00042),4
D12,BLDE,Blacktail Deer Creek NEON,Core Aquatic,Wadeable Stream,YELL,National Park Service,https://irma.nps.gov/rprs/,Limited,The National Park Service is open to additional research activities taking place in this area. Apply via IRMA Permitting portal. NEON research area is limited to additional research due to sensitivity.,Domain 12 Support Facility,44.95011,-110.58715,WGS84,4977491.173,532567.1216,12N,Park,WY,USA,2053,,,3.6,481,,,Emergent Herbaceous Wetlands|Shrub/Scrub,,[h10070001](https://water.usgs.gov/lookup/getwatershed?10070001),Yellowstone Headwaters,37.8,,,,WYQu;0,,,,,,,,[Land-water interface](https://phenocam.sr.unh.edu/webcam/sites/NEON.D12.BLDE.DP1.20002),
D11,BLUE,Blue River NEON,Gradient Aquatic,Wadeable Stream,,The Nature Conservancy,https://www.nature.org/en-us/get-involved/how-to-help/places-we-protect/okayanahli-preserve/,Yes,Reseachers should coordinate with the site manager.,Domain 11 Support Facility,34.444218,-96.624201,WGS84,3813972.213,718273.9768,14N,Johnston,OK,USA,289,,,16.4,1041,,,Grassland/Herbaceous|Pasture/Hay,,[h11140102](https://water.usgs.gov/lookup/getwatershed?11140102),Blue,322.2,,,,OKQal;0,,,,,,,,[Land-water interface](https://phenocam.sr.unh.edu/webcam/sites/NEON.D11.BLUE.DP1.20002),
D08,BLWA,Black Warrior River NEON,Gradient Aquatic,Non-wadeable River,DELA,US Army Corps of Engineers|Private,https://www.sam.usace.army.mil/|,Limited / Very Limited,"This area is primarily intended to provide recreational opportunities and is also classified as a hunting area. As such, access is very limited but potentially possible. / Very limited available via private land owner.",Domain 08 Support Facility,32.541529,-87.798151,WGS84,3600743.438,425055.8239,16N,Greene,AL,USA,22,,,17.6,1372,,,Woody Wetlands,,[h03160113](https://water.usgs.gov/lookup/getwatershed?03160113),Lower Black Warrior,16159.4,,,,ALHalt;0,,,,,,,,[Land-water interface](https://phenocam.sr.unh.edu/webcam/sites/NEON.D08.BLWA.DP1.20002),
D19,BONA,Caribou-Poker Creeks Research Watershed NEON,Core Terrestrial,,CARI,University of Alaska,https://www.uaf.edu/uaf/,Yes,NEON site is colocated with Boreal LTER. Please allow extra lead time (3-6 months prior to planned start) for coordination requirements; coordinate with site manager,Domain 18/19 Support Facility,65.15401,-147.50258,WGS84,7225712.648,476436.7395,6N,Fairbanks North Star,AK,USA,230,212,728,-3,262,W,8,Deciduous Forest|Evergreen Forest|Mixed Forest|Woody Wetlands,Picea mariana (black spruce)|Populus tremuloides (quaking aspen)|Alnus viridis (green alder) ,,,,,,19,A003.LG002_114|E191.LG002_930,"Coarse-silty, mixed, superactive, subgelic.  Typic Histoturbels.",Typic Histoturbels,115,135,180,210,250,[Tower top](https://phenocam.sr.unh.edu/webcam/sites/NEON.D19.BONA.DP1.00033)|[Tower bottom](https://phenocam.sr.unh.edu/webcam/sites/NEON.D19.BONA.DP1.00042),5
D19,CARI,Caribou Creek NEON,Core Aquatic,Wadeable Stream,BONA,Alaska Department of Natural Resources,http://dnr.alaska.gov/,Yes,NEON site is colocated with Boreal LTER. Please allow extra lead time (3-6 months prior to planned start) for coordination requirements; coordinate with site manager,Domain 18/19 Support Facility,65.153224,-147.50397,WGS84,7225606.728,476441.523,6N,Fairbanks North Star,AK,USA,225,,,-3,262,,,Woody Wetlands,,[h19040509](https://water.usgs.gov/lookup/getwatershed?19040509),Tolovana River,31,,,,A003.LG002_114|E191.LG002_930,,,115,135,180,210,250,[Land-water interface](https://phenocam.sr.unh.edu/webcam/sites/NEON.D19.CARI.DP1.20002),
D11,CLBJ,Lyndon B. Johnson National Grassland NEON,Core Terrestrial,,PRIN,US Forest Service,https://www.fs.usda.gov/detail/texas/about-forest/districts/?cid=fswdev3_008440,Very Limited,Researchers should coordinate directly with the US Forest Service for permitting and approval. Site host is very limited to external research requests.,Domain 11 Support Facility,33.40123,-97.57,WGS84,3696682.441,632982.2183,14N,Wise,TX,USA,272,258,343,17.5,926,S,13,Deciduous Forest|Grassland/Herbaceous,Quercus stellata (post oak)|Quercus marilandica (blackjack oak),,,,,,22,TXKa;0,,Udic Paleustalfs,260,60|215,135|230,175|265,295|320,[Tower top](https://phenocam.sr.unh.edu/webcam/sites/NEON.D11.CLBJ.DP1.00033)|[Tower bottom](https://phenocam.sr.unh.edu/webcam/sites/NEON.D11.CLBJ.DP1.00042),5
D13,COMO,Como Creek NEON,Core Aquatic,Wadeable Stream,NIWO,US Forest Service,https://cuboulder.qualtrics.com/jfe/form/SV_3O9QymZrswv5U6F,Yes,Reseachers should coordinate with the site manager and submit a site research permit.,Domain 10/13 Support Facility,40.034962,-105.54416,WGS84,4431779.634,453513.6657,13N,Boulder,CO,USA,3021,,,2,841,,,Shrub/Scrub,,[h10190005](https://water.usgs.gov/lookup/getwatershed?10190005),St. Vrain,3.6,,,,COXb;0|COQd;0,,,,,,,,[Land-water interface](https://phenocam.sr.unh.edu/webcam/sites/NEON.D13.COMO.DP1.20002),
D10,CPER,Central Plains Experimental Range NEON,Core Terrestrial,,,USDA-Agricultural Research Service,https://www.ars.usda.gov/plains-area/fort-collins-co/center-for-agricultural-resources-research/rangeland-resources-systems-research/docs/rrsr/central-plains-experimental-research-location/,Yes,Reseachers should coordinate with the site manager.,Domain 10/13 Support Facility,40.815536,-104.74559,WGS84,4518311.062,521454.7706,13N,Weld,CO,USA,1654,1601,1686,8.6,344,NW,0.4,Grassland/Herbaceous,Bouteloua gracilis (Blue grama)|Hesperostipa comata (Needle-and-thread grass)|Thelesperma filifolium (Stiff greenthread),,,,,,9,COKl;0,"Fine, loamy, mixed, superactive, mesic.  Aridic Argiustolls.",Aridic Argiustolls,260,90,165,210,350,[Tower top](https://phenocam.sr.unh.edu/webcam/sites/NEON.D10.CPER.DP1.00033)|[Tower bottom](https://phenocam.sr.unh.edu/webcam/sites/NEON.D10.CPER.DP1.00042),4
D05,CRAM,Crampton Lake NEON,Core Aquatic,Lake,,University of Notre Dame,https://underc.nd.edu/underc-west/research-opportunities/,Yes,"UNDERC encourages research; subject to evaluation based on potential for scientific advancement, impact on the site, and consistency and compatibility with other designated, non-research, uses of the property.",Domain 05 Support Facility,46.209675,-89.473688,WGS84,5120489.547,308836.941,16N,Vilas,WI,USA,509,,,4.3,794,,,Woody Wetlands,,[h04020102](https://water.usgs.gov/lookup/getwatershed?04020102),Ontonagon,0.6,4.6,19,,WIAgn;0,,,,,,,,[Land-water interface](https://phenocam.sr.unh.edu/webcam/sites/NEON.D05.CRAM.DP1.20002),
D04,CUPE,Rio Cupeyes NEON,Core Aquatic,Wadeable Stream,,Commonwealth of Puerto Rico|Private (access),,Limited,Please note this area is an active farm. Research activities are limited and must not interfere with farming activites; gates must remain closed at all times to avoid cattle walking out. Start permitting > 6 months prior to scheduled start.,Domain 04 Support Facility,18.11352,-66.98676,WGS84,2003908.949,713025.6777,19N,San German Municipio,PR,USA,157,,,,,,,Evergreen Forest,,[h21010003](https://water.usgs.gov/lookup/getwatershed?21010003),Culebrinas-Guanajibo,4.3,,,,KJs,,,,,,,,[Land-water interface](https://phenocam.sr.unh.edu/webcam/sites/NEON.D04.CUPE.DP1.20002),
D09,DCFS,Dakota Coteau Field Site NEON,Gradient Terrestrial,,PRLA,North Dakota Land Trust,https://www.land.nd.gov/,Yes,Reseachers should coordinate with the site manager.,Domain 09 Support Facility,47.16165,-99.10656,WGS84,5223133.117,491923.484,14N,Stutsman,ND,USA,575,494,592,4.9,490,NW,0.4,Grassland/Herbaceous,Elaeagnus commutata (slilverberry)|Poa pratensis (Kentucky bluegrass)|Crataegus chrysocarpa (fireberry hawthorn),,,,,,8,NDQct;0,"Fine, loamy, mixed, superactive, frigid. Typic Haplustolls.",Typic Haplustolls,170,120,180,205,290,[Tower top](https://phenocam.sr.unh.edu/webcam/sites/NEON.D09.DCFS.DP1.00033)|[Tower bottom](https://phenocam.sr.unh.edu/webcam/sites/NEON.D09.DCFS.DP1.00042),4
D19,DEJU,Delta Junction NEON,Gradient Terrestrial,,,Bureau of Land Management,https://www.blm.gov/office/eastern-interior-field-office,Yes,Reseachers should coordinate with the site manager.,Domain 18/19 Support Facility,63.88112,-145.75136,WGS84,7084367.216,561330.0608,6N,Southeast Fairbanks,AK,USA,517,444,581,-3,305,E,10,Evergreen Forest|Shrub/Scrub|Woody Wetlands,Picea mariana (black spruce)|Vaccinium vitis-idaea (lingonberry)|Betula glandulosa / Betula  (American dwarf birch),,,,,,22,A003.MH002_140,"Coarse, loamy, mixed, superactive. Typic Haplocryepts.",Typic Haplocryepts,120,130,170,210,250,[Tower top](https://phenocam.sr.unh.edu/webcam/sites/NEON.D19.DEJU.DP1.00033)|[Tower bottom](https://phenocam.sr.unh.edu/webcam/sites/NEON.D19.DEJU.DP1.00042),5
D08,DELA,Dead Lake NEON,Gradient Terrestrial,,BLWA,US Army Corps of Engineers,https://www.sam.usace.army.mil/,Limited,"This area is primarily intended to provide recreational opportunities and is also classified as a hunting area. As such, access is very limited but potentially possible.",Domain 08 Support Facility,32.541727,-87.803877,WGS84,3600769.463,424518.299,16N,Greene,AL,USA,25,21,41,17.6,1372,SW,30,Evergreen Forest|Woody Wetlands,Quercus nigra (Water oak)|Celtis laevigata (Sugarberry)|Acer rubrum (Red maple),,,,,,42,ALHalt;0,"Fine, mixed, semiactive, thermic. Aquic Paleudults.",Aquic Paleudults,270,60,135,205,330,[Tower top](https://phenocam.sr.unh.edu/webcam/sites/NEON.D08.DELA.DP1.00033)|[Tower bottom](https://phenocam.sr.unh.edu/webcam/sites/NEON.D08.DELA.DP1.00042),6
D03,DSNY,Disney Wilderness Preserve NEON,Gradient Terrestrial,,,The Nature Conservancy,https://www.nature.org/en-us/get-involved/how-to-help/places-we-protect/the-disney-wilderness-preserve/,Yes,New research requests may be restricted to limited portions of the preserve - coordination required with preserve management.,Domain 03 Support Facility,28.12505,-81.43619,WGS84,3111130.689,457161.0924,17N,Osceola,FL,USA,20,15,22,22.5,1216,E,1.5,Pasture/Hay|Woody Wetlands,Andropogon virginicus (broomsedge bluestem)|Aristida beyrichia (wiregrass)|Axonopus furcatus (big carpetgrass),,,,,,8,FLPSHu;0,"Sandy, siliceous, hyperthermic.  Aeric Alaquods.",Aeric Alaquods,260,60,140,190,320,[Tower top](https://phenocam.sr.unh.edu/webcam/sites/NEON.D03.DSNY.DP1.00033)|[Tower bottom](https://phenocam.sr.unh.edu/webcam/sites/NEON.D03.DSNY.DP1.00042),4
D03,FLNT,Flint River NEON,Gradient Aquatic,Non-wadeable River,JERC,"Robert Woodruff Foundation, Inc.",http://www.jonesctr.org/research/,Yes,This area is a very active research community and will required a site research permit.,Domain 03 Support Facility,31.185424,-84.437403,WGS84,3452980.845,744204.4003,16N,Baker,GA,USA,30,,,19.2,1311,,,Mixed Forest,,[h03130008](https://water.usgs.gov/lookup/getwatershed?03130008),Lower Flint,14999.4,,,,GAQal;1,,,,,,,,[Land-water interface](https://phenocam.sr.unh.edu/webcam/sites/NEON.D03.FLNT.DP1.20002),
D07,GRSM,Great Smoky Mountains National Park NEON,Gradient Terrestrial,,LECO,National Park Service,https://irma.nps.gov/rprs/,Yes,The National Park Service is open to additional research activities taking place in this area. Apply via IRMA Permitting portal.,Domain 07 Support Facility,35.68896,-83.50195,WGS84,3952335.289,273599.8765,17N,Sevier,TN,USA,575,426,1978,13.1,1375,NW,30,Deciduous Forest|Evergreen Forest,Liriodendron tulipifera (tulip tree/yellow poplar)|Lindera benzoin (spicebush)|Acer rubrum (red maple),,,,,,45,TNpCAs;15,"Loamy, skeletal, isotic, mesic.  Typic Humudepts.",Typic Humudepts,220,90,155,215,310,[Tower top](https://phenocam.sr.unh.edu/webcam/sites/NEON.D07.GRSM.DP1.00033)|[Tower bottom](https://phenocam.sr.unh.edu/webcam/sites/NEON.D07.GRSM.DP1.00042),6
D04,GUAN,Guanica Forest NEON,Core Terrestrial,,,"State Forest, Dept. of Natural and Environmental Resources, Commonwealth of Puerto Rico",,Limited,It is highly recommended that prospective researchers make contact well in advance of any planned work (> 6 months) as there are multiple steps and a high level of coordination that must take place to gain permission and access to this area. All requests will be evaluated on a case-by-case basis by the site hosts.,Domain 04 Support Facility,17.96955,-66.8687,WGS84,1988112.213,725706.1285,19N,Guanica Municipio,PR,USA,125,8,209,23,840,S,10,Evergreen Forest,Gymnanthes lucida (oysterwood)|Croton lucidus (firebush)|Eugenia foetida (Spanish stopper),,,,,,23,Tjd,"Coarse, loamy, carbonatic, isohyperthermic. Typic Haplocalcids.",Typic Haplocalcids,365,,,,,[Tower top](https://phenocam.sr.unh.edu/webcam/sites/NEON.D04.GUAN.DP1.00033)|[Tower bottom](https://phenocam.sr.unh.edu/webcam/sites/NEON.D04.GUAN.DP1.00042),5
D04,GUIL,Rio Guilarte NEON,Gradient Aquatic,Wadeable Stream,,University of Puerto Rico,,Yes,"The site host actively encourages research at this site, however all requests will be evaluated on a case-by-case basis. Please note that due to the high density of research taking place in this area, it is critical to coordinate closely with the site host to ensure no conflicts with ongoing research; start permitting > 6 months prior to scheduled start.",Domain 04 Support Facility,18.17406,-66.79868,WGS84,2010843.814,732872.1887,19N,Adjuntas Municipio,PR,USA,551,,,,,,,Evergreen Forest|Grassland/Herbaceous,,[h21010003](https://water.usgs.gov/lookup/getwatershed?21010003),Culebrinas-Guanajibo,9.6,,,,Tkal|TKl,,,,,,,,[Land-water interface](https://phenocam.sr.unh.edu/webcam/sites/NEON.D04.GUIL.DP1.20002),
D01,HARV,Harvard Forest & Quabbin Watershed NEON,Core Terrestrial,,HOPB,Harvard University|Massachusetts DCR Division of Water Supply Protection,https://harvardforest.fas.harvard.edu/conducting-research|https://www.mass.gov/service-details/watershed-permits,Yes / Limited,Field site managed by Harvard University - open to additional research via the Harvard Experimental Forest website. Many other colocated research projects within NEON area. / Field site located in the Quabbin Resevoir - Massachusetts DCR Division of Water Supply Protection . This property is very limited to additional research - researchers should take necessary coordinations with the DCR.,Domain 01 Support Facility,42.53691,-72.17265,WGS84,4713265.041,732183.1938,18N,Worcester,MA,USA,348,160,415,7.4,1199,NW,26,Deciduous Forest|Evergreen Forest|Mixed Forest|Woody Wetlands,Osmunda cinnamomea (Cinmon fern)|Quercus rubra (Northern red oak)|Tsuga cadensis (Eastern hemlock),,,,,,39,MADht;0|MAOps;0,"Coarse, loamy over sandy or sandy, skeletal, mixed, semiactive, frigid.  Oxyaquic Dystrudepts.",Oxyaquic Dystrudepts,210,110,160,220,300,[Tower top](https://phenocam.sr.unh.edu/webcam/sites/NEON.D01.HARV.DP1.00033)|[Tower bottom](https://phenocam.sr.unh.edu/webcam/sites/NEON.D01.HARV.DP1.00042),6
D19,HEAL,Healy NEON,Gradient Terrestrial,,,Alaska Department of Natural Resources,http://dnr.alaska.gov/,Yes,Reseachers should coordinate with the site manager.,Domain 18/19 Support Facility,63.875798,-149.21335,WGS84,7085047.865,391276.5986,6N,Denali,AK,USA,677,588,717,-1.3,385,NW,0.3,Dwarf Scrub|Evergreen Forest|Shrub/Scrub,Betula glandulosa / Betula  (American dwarf birch)|Picea glauca (white spruce)|Ledum palustre (marsh Labrador tea),,,,,,9,B006.HE002_570,,Lithic Haplustepts,110,135,180,210,245,[Tower top](https://phenocam.sr.unh.edu/webcam/sites/NEON.D19.HEAL.DP1.00033)|[Tower bottom](https://phenocam.sr.unh.edu/webcam/sites/NEON.D19.HEAL.DP1.00042),4
D01,HOPB,Lower Hop Brook NEON,Core Aquatic,Wadeable Stream,HARV,Massachusetts DCR Division of Water Supply Protection,https://www.mass.gov/service-details/watershed-permits,Limited,Field site located in the Quabbin Resevoir - Massachusetts DCR Division of Water Supply Protection . This property is very limited to additional research - researchers should take necessary coordinations with the DCR.,Domain 01 Support Facility,42.471941,-72.329526,WGS84,4705615.726,719519.9768,18N,Franklin,MA,USA,203,,,7.9,1368,,,Evergreen Forest|Mixed Forest,,[h01080204](https://water.usgs.gov/lookup/getwatershed?01080204),Chicopee,11.9,,,,MAOps;0,,,,,,,,[Land-water interface](https://phenocam.sr.unh.edu/webcam/sites/NEON.D01.HOPB.DP1.20002),
D03,JERC,The Jones Center At Ichauway NEON,Gradient Terrestrial,,FLNT,"Robert Woodruff Foundation, Inc.",http://www.jonesctr.org/research/,Yes,This area is a very active research community and will required a site research permit.,Domain 03 Support Facility,31.194839,-84.468623,WGS84,3453956.371,741205.7224,16N,Baker,GA,USA,47,29,55,19.2,1308,NE,27,Cultivated Crops|Deciduous Forest|Evergreen Forest|Mixed Forest,Aristida beyrichiana (wiregrass)|Quercus falcata (southern red oak)|Pinus palustris (longleaf pine),,,,,,42,GAEOo;1,"Loamy, kaolinitic, thermic.  Arenic Kandiudults.",Arenic Kandiudults,220,90,175,220,310,[Tower top](https://phenocam.sr.unh.edu/webcam/sites/NEON.D03.JERC.DP1.00033)|[Tower bottom](https://phenocam.sr.unh.edu/webcam/sites/NEON.D03.JERC.DP1.00042),6
D14,JORN,Jornada Experimental Range NEON,Gradient Terrestrial,,,USDA-Agricultural Research Service,https://jornada.nmsu.edu/,Yes,"JORN encourages research activities that do not conflict with on-going activities. Please apply directly with site host and USDA for a site research permit.  All requests are reviewed for impacts to cultural resources, endangered species and other research activities.",Domain 14 Support Facility,32.590694,-106.84254,WGS84,3607409.16,327074.62,13N,Dona Ana,NM,USA,1324,1316,1333,15.7,271,SW,0.4,Shrub/Scrub,Prosopis glandulosa (honey mesquite)|Yucca elata (soaptree yucca)|Bouteloua eriopoda (black grama grass),,,,,,8,NMQTs;0,"Coarse, loamy, mixed, superactive, thermicc. Typic Petrocalcids.",Typic Petrocalcids,260,80,185,245,340,[Tower top](https://phenocam.sr.unh.edu/webcam/sites/NEON.D14.JORN.DP1.00033)|[Tower bottom](https://phenocam.sr.unh.edu/webcam/sites/NEON.D14.JORN.DP1.00042),4
D06,KING,Kings Creek NEON,Core Aquatic,Wadeable Stream,KONA,"The Nature Conservancy, Kansas State University",https://kpbs.konza.k-state.edu/scientist-information/permits.html,Yes,The Nature Conservancy and Konza Prairie Biological Station (KSU) welcomes and encourages research use that fits their mission and is compatible with their abilities as a host. Please plan on at more than two weeks advance notice to request and plan site access.,Domain 06 Support Facility,39.105061,-96.603829,WGS84,4331170.418,707234.5703,14N,Riley,KS,USA,324,,,12.7,860,,,Deciduous Forest,,[h10270101](https://water.usgs.gov/lookup/getwatershed?10270101),Upper Kansas,13,,,,KSPcg;0,,,,,,,,[Land-water interface](https://phenocam.sr.unh.edu/webcam/sites/NEON.D06.KING.DP1.20002),
D06,KONA,Konza Prairie Agroecosystem NEON,Gradient Terrestrial,,KING,Kansas State University,https://kpbs.konza.k-state.edu/scientist-information/permits.html,Yes,KSU - Konza Prairie Biological Station (KSU) welcomes and encourages research use that fits their mission and is compatible with their abilities as a host. Please plan on at more than two weeks advance notice to request and plan site access.,Domain 06 Support Facility,39.110446,-96.612935,WGS84,4331745.281,706389.4538,14N,Riley,KS,USA,323,312,359,12.7,850,SSW,,Cultivated Crops,"Agriculture field, crops vary year to year",,,,,,8,KSQal3;0,"Fine, smectitic, mesic.  Pachic Vertic Argiudolls.",Pachic Vertic Argiudolls,210,90,160,210,300,[Tower top](https://phenocam.sr.unh.edu/webcam/sites/NEON.D06.KONA.DP1.00033)|[Tower bottom](https://phenocam.sr.unh.edu/webcam/sites/NEON.D06.KONA.DP1.00042),4
D06,KONZ,Konza Prairie Biological Station NEON,Core Terrestrial,,,"The Nature Conservancy, Kansas State University",https://kpbs.konza.k-state.edu/scientist-information/permits.html,Yes,The Nature Conservancy and Konza Prairie Biological Station (KSU) welcomes and encourages research use that fits their mission and is compatible with their abilities as a host. Please plan on at more than two weeks advance notice to request and plan site access.,Domain 06 Support Facility,39.100774,-96.563075,WGS84,4330786.534,710729.798,14N,Riley,KS,USA,414,333,443,12.4,870,SSW,1.5,Deciduous Forest|Grassland/Herbaceous,Cornus drummondii (Roughleaf Dogwood)|Schizachyrium scoparium (Little Bluestem)|Andropogon gerardii (Big Bluestem),,,,,,8,KSPc;0,"Fine, smectitic, mesic. Pachic Udertic Argiustolls.",Pachic Udertic Argiustolls,210,90,160,210,300,[Tower top](https://phenocam.sr.unh.edu/webcam/sites/NEON.D06.KONZ.DP1.00033)|[Tower bottom](https://phenocam.sr.unh.edu/webcam/sites/NEON.D06.KONZ.DP1.00042),4
D04,LAJA,Lajas Experimental Station NEON,Gradient Terrestrial,,,University of Puerto Rico,,Limited,"The site host actively encourages research at this site, however all requests will be evaluated on a case-by-case basis. Please note that due to the high density of research taking place in this area, it is critical to coordinate closely with the site host to ensure no conflicts with ongoing research.; > 6months prior to planned schedule.",Domain 04 Support Facility,18.021261,-67.076889,WGS84,1993593.871,703591.1281,19N,Lajas Municipio,PR,USA,16,13,41,25,830,SSE,0.4,Cultivated Crops|Grassland/Herbaceous|Pasture/Hay,Pithecellobium dulce (pinzán)|Cynodon nlemfuensis (African bermudagrass)|Urochloa maxima (guineagrass),,,,,,8,Qa,"Fine, mixed, superactive, isohyperthermic.  Sodic Haplusterts.",Sodic Haplusterts,365,,,,,[Tower top](https://phenocam.sr.unh.edu/webcam/sites/NEON.D04.LAJA.DP1.00033)|[Tower bottom](https://phenocam.sr.unh.edu/webcam/sites/NEON.D04.LAJA.DP1.00042),4
D07,LECO,LeConte Creek NEON,Gradient Aquatic,Wadeable Stream,GRSM,National Park Service,https://irma.nps.gov/rprs/,Yes,The National Park Service is open to additional research activities taking place in this area. Apply via IRMA Permitting portal.,Domain 07 Support Facility,35.690428,-83.50379,WGS84,3952502.4,273437.4965,17N,Sevier,TN,USA,579,,,13.1,1375,,,Deciduous Forest,,[h06010107](https://water.usgs.gov/lookup/getwatershed?06010107),Lower French Broad,9.1,,,,TNpCAs;15,,,,,,,,[Land-water interface](https://phenocam.sr.unh.edu/webcam/sites/NEON.D07.LECO.DP1.20002),
D08,LENO,Lenoir Landing NEON,Gradient Terrestrial,,TOMB,US Army Corps of Engineers|US Fish and Wildlife Service,https://www.sam.usace.army.mil/|https://www.fws.gov/refuge/choctaw/,Limited /Yes,"This area is primarily intended to provide recreational opportunities and is also classified as a hunting area. As such, access is very limited but potentially possible. / The primary purpose of the refuge is to provide wood duck brood habitat and serve as a protected wintering area for waterfowl. Researchers should coordinate directly with site manager.",Domain 08 Support Facility,31.853861,-88.161181,WGS84,3524827.167,390139.6172,16N,Choctaw,AL,USA,13,,,18.1,1386,N,35,Deciduous Forest|Woody Wetlands,Liquidambar styraciflua (sweetgum)|Carpinus carolinia (American hornbeam)|Ilex decidua (possumhaw),,,,,,47,ALHalt;0,"Fine, mixed, active, acid, thermic.  Vertic Epiaquepts.",Vertic Epiaquepts,265,70,145,200,335,[Tower top](https://phenocam.sr.unh.edu/webcam/sites/NEON.D08.LENO.DP1.00033)|[Tower bottom](https://phenocam.sr.unh.edu/webcam/sites/NEON.D08.LENO.DP1.00042),6
D02,LEWI,Lewis Run NEON,Gradient Aquatic,Wadeable Stream,BLAN,Casey Tree Farm,https://caseytrees.org/about-us/casey-tree-farm/,Limited,Research on the Casey Tree Farm is limited - coordination required with farm management.,Domain 02 Support Facility,39.095637,-77.983216,WGS84,4331627.279,242002.1375,18N,Clarke,VA,USA,152,,,12.2,976,,,Deciduous Forest,,[h02070007](https://water.usgs.gov/lookup/getwatershed?02070007),Shenandoah,11.9,,,,VACAe;0,,,,,,,BLAN,[Land-water interface](https://phenocam.sr.unh.edu/webcam/sites/NEON.D02.LEWI.DP1.20002),
D05,LIRO,Little Rock Lake NEON,Gradient Aquatic,Lake,,Wisconsin Department of Natural Resources,https://dnr.wi.gov/Permits/,Yes,The site host has indicated support for additional research.,Domain 05 Support Facility,45.998269,-89.704767,WGS84,290559.717,5097412.448,16N,Vilas,WI,USA,502,,,4.4,796,,,Deciduous Forest|Mixed Forest,,[h07050002](https://water.usgs.gov/lookup/getwatershed?07050002),Flambeau,0.9,2.7,10.8,,WIXgg;0,,,,,,,,[Land-water interface](https://phenocam.sr.unh.edu/webcam/sites/NEON.D05.LIRO.DP1.20002),
D16,MART,Martha Creek NEON,Core Aquatic,Wadeable Stream,,US Forest Service,https://www.fs.usda.gov/recarea/giffordpinchot/recreation/recarea/?recid=31184,Yes,Reseachers should coordinate with the site manager and submit a site research permit. Various on-going research projects to be aware of at site. Possible NOAA permit required to due sensitive fish species in stream.,Domain 16 Support Facility,45.790835,-121.93379,WGS84,5071408.747,583011.2516,10N,Skamania,WA,USA,337,,,9.6,2329,,,Evergreen Forest,,[h17070105](https://water.usgs.gov/lookup/getwatershed?17070105),Middle Columbia-Hood,6.3,,,,WAQv;0|WAEOOGv;0,,,,,,,,[Land-water interface](https://phenocam.sr.unh.edu/webcam/sites/NEON.D16.MART.DP1.20002),
D08,MAYF,Mayfield Creek NEON,Core Aquatic,Wadeable Stream,TALL,Talladega National Forest,https://www.fs.usda.gov/detail/alabama/about-forest/districts/?cid=fsbdev3_002555,Yes,Researchers should coordinate directly with the US Forest Service for permitting and approval.,Domain 08 Support Facility,32.960365,-87.407688,WGS84,3646888.45,461856.8853,16N,Bibb,AL,USA,77,,,17.2,1379,,,Deciduous Forest|Mixed Forest,,[h03160113](https://water.usgs.gov/lookup/getwatershed?03160113),Lower Black Warrior,14.4,,,,ALKg;1|ALKck;1,,,,,,,,[Land-water interface](https://phenocam.sr.unh.edu/webcam/sites/NEON.D08.MAYF.DP1.20002),
D06,MCDI,McDiffett Creek NEON,Gradient Aquatic,Wadeable Stream,,"The Nature Conservancy, Kansas State University",https://kpbs.konza.k-state.edu/scientist-information/permits.html,Yes,The Nature Conservancy and Konza Prairie Biological Station (KSU) welcomes and encourages research use that fits their mission and is compatible with their abilities as a host. Please plan on at more than two weeks advance notice to request and plan site access.,Domain 06 Support Facility,38.945861,-96.443022,WGS84,4313704.71,721693.8516,14N,Wabaunsee,KS,USA,396,,,12.2,921,,,Cultivated Crops|Grassland/Herbaceous,,[h10270102](https://water.usgs.gov/lookup/getwatershed?10270102),Middle Kansas,22.6,,,,KSPc;0,,,,,,,,[Land-water interface](https://phenocam.sr.unh.edu/webcam/sites/NEON.D06.MCDI.DP1.20002),
D16,MCRA,McRae Creek NEON,Gradient Aquatic,Wadeable Stream,,"US Forest Service, Oregon State University",https://andrewsforest.oregonstate.edu/,Yes,Researchers should coordinate directly with the US Forest Service and HJ Andrews Experimental Forest for permitting and approval.,Domain 16 Support Facility,44.259598,-122.16555,WGS84,4901044.973,566608.6324,10N,Linn,OR,USA,876,,,8.8,2188,,,Evergreen Forest,,[h17090004](https://water.usgs.gov/lookup/getwatershed?17090004),Mckenzie,3.9,,,,ORTfc;0,,,,,,,,[Land-water interface](https://phenocam.sr.unh.edu/webcam/sites/NEON.D16.MCRA.DP1.20002),
D07,MLBS,Mountain Lake Biological Station NEON,Gradient Terrestrial,,,University of Virginia|George Washington and Jefferson National Forest,https://mlbs.virginia.edu/resapp|https://www.fs.usda.gov/gwj/,Yes / Limited,Mountain Lake Biological Station is open to additional research activities taking place in this area. / Researchers should coordinate directly with the US Forest Service for permitting and approval.,Domain 07 Support Facility,37.378314,-80.524847,WGS84,4136943.44,542067.64,17N,Giles,VA,USA,1170,752,1320,8.8,1227,WNW,18,Deciduous Forest,Acer rubrum (red maple)|Quercus alba (northern red oak)|Quercus rubra (white oak),,,,,,29,VADSz;0,The dominant wind direction is west-northwest.,Fluvaquents,200,110,160,220,310,[Tower top](https://phenocam.sr.unh.edu/webcam/sites/NEON.D07.MLBS.DP1.00033)|[Tower bottom](https://phenocam.sr.unh.edu/webcam/sites/NEON.D07.MLBS.DP1.00042),6
D13,MOAB,Moab NEON,Gradient Terrestrial,,,Bureau of Land Management,https://www.blm.gov/office/moab-field-office,Yes,Reseachers should coordinate with the site manager.,Domain 10/13 Support Facility,38.248283,-109.38827,WGS84,4234596.509,641031.4708,12N,San Juan,UT,USA,1799,1722,2039,10.1,319,SSW,0.2,Evergreen Forest|Shrub/Scrub,Atriplex canescens (fourwing saltbush)|Ephedra viridis (Mormon tea)|Bouteloua gracilis (blue grama)  .,,,,,,8,UTQe;0,"Coarse, loamy, mixed, superactive, mesic. Ustic Haplocalcids.",Ustic Haplocalcids,215,85,165,225,300,[Tower top](https://phenocam.sr.unh.edu/webcam/sites/NEON.D13.MOAB.DP1.00033)|[Tower bottom](https://phenocam.sr.unh.edu/webcam/sites/NEON.D13.MOAB.DP1.00042),4
D13,NIWO,Niwot Ridge NEON,Core Terrestrial,,COMO,"US Forest Service, University of Colorado-Boulder",,Yes,Reseachers should coordinate with the site manager and submit a site research permit.,Domain 10/13 Support Facility,40.05425,-105.58237,WGS84,4433940.917,450328.2848,13N,Boulder,CO,USA,3490,2975,3583,0.3,1005,WNW,0.2,Evergreen Forest|Grassland/Herbaceous,Abies lasiocarpa (subapline fir)|Picea engelmannii (Engelmann spruce)|Vaccinium sp. (blueberry sp.),,,,,,8,COXb;0,"Coarse, loamy, mixed, superactive. Typic Haplocryolls.",Typic Haplocryolls,130,140,190,220,270,[Tower top](https://phenocam.sr.unh.edu/webcam/sites/NEON.D13.NIWO.DP1.00033)|[Tower bottom](https://phenocam.sr.unh.edu/webcam/sites/NEON.D13.NIWO.DP1.00042),4
D09,NOGP,Northern Great Plains Research Laboratory NEON,Gradient Terrestrial,,,USDA Agricultural Research Service,https://www.ars.usda.gov/plains-area/mandan-nd/ngprl/,Yes,This site host welcomes and encourages additional research activities related to the USDA Agricultural Research Service mission.,Domain 09 Support Facility,46.76972,-100.91535,WGS84,5181355.713,353761.6032,14N,Morton,ND,USA,589,517,592,5.9,457,NNE,0.4,Grassland/Herbaceous,Elaeagnus angustifolia (Russian olive)|Poa pratensis (Kentucky bluegrass)|Symphoricarpos occidentalis (Western snowberry),,,,,,8,NDQol;0,"Fine, loamy, mixed, superactive, frigid. Typic Argiustolls.",Typic Argiustolls,175,115,170,200,290,[Tower top](https://phenocam.sr.unh.edu/webcam/sites/NEON.D09.NOGP.DP1.00033)|[Tower bottom](https://phenocam.sr.unh.edu/webcam/sites/NEON.D09.NOGP.DP1.00042),4
D11,OAES,Marvin Klemme Range Research Station NEON,Gradient Terrestrial,,,Oklahoma State University,http://oaes.okstate.edu/,Limited,Reseachers should coordinate with the site manager.,Domain 11 Support Facility,35.410599,-99.058779,WGS84,3918579.067,494662.2504,14N,Washita,OK,USA,519,487,531,15.5,779,SE,1,Grassland/Herbaceous|Shrub/Scrub,Bouteloua dactyloides (buffalo grass)|Bouteloua gracilis (blue grama)|Bouteloua curtipendula (sideoats grama),,,,,,8,OKPdy;0,,Lithic Haplustepts,240,70|233,135|270,165|290,225|310,[Tower top](https://phenocam.sr.unh.edu/webcam/sites/NEON.D11.OAES.DP1.00033)|[Tower bottom](https://phenocam.sr.unh.edu/webcam/sites/NEON.D11.OAES.DP1.00042),4
D18,OKSR,Oksrukuyik Creek NEON,Core Aquatic,Wadeable Stream,TOOL,Bureau of Land Management,https://www.blm.gov/office/fairbanks-district-office,Yes,Reseachers should coordinate with the site manager.,Domain 18/19 Support Facility,68.669753,-149.14302,WGS84,413022.17,7619054.186,6N,North Slope,AK,USA,766,,,-9,316,,,Shrub/Scrub,,[h19060402](https://water.usgs.gov/lookup/getwatershed?19060402),Sagavanirktok River,57.8,,,,A003.PS002_400,,,,,,,,,
D15,ONAQ,Onaqui NEON,Core Terrestrial,,,Bureau of Land Management,https://www.blm.gov/office/salt-lake-field-office,Limited,Reseachers should coordinate with the site manager and submit a site research permit.,Domain 15 Support Facility,40.177599,-112.45245,WGS84,4448479.606,376339.6859,12N,Tooele,UT,USA,1662,1599,2061,9,288,SW,1.2,Evergreen Forest|Shrub/Scrub,Artemisia tridentata (big sagebrush)|Ceratocephala testiculata (curveseed butterwort)|Bromus tectorum (cheatgrass),,,,,,8,UTQa;0,"Fine, loamy, mixed, superactive, mesic. Xeric Haplocalcids.",Xeric Haplocalcids,205,75,130,170,280,[Tower top](https://phenocam.sr.unh.edu/webcam/sites/NEON.D15.ONAQ.DP1.00033)|[Tower bottom](https://phenocam.sr.unh.edu/webcam/sites/NEON.D15.ONAQ.DP1.00042),4
D07,ORNL,Oak Ridge NEON,Core Terrestrial,,WALK,Department of Energy,https://www.ornl.gov/division/esd,Very Limited,There is currently no system in place to authorize access for additional research activities to this federally secure area. Coordinate directly with site manager.,Domain 07 Support Facility,35.964128,-84.282588,WGS84,3983383.087,745052.4354,16N,Anderson,TN,USA,344,230,356,14.4,1340,WNW,28,Deciduous Forest|Evergreen Forest|Pasture/Hay,Acer rubrum (red maple)|Nyssa sylvatica (sour gum)|Quercus monta (chestnut oak),,,,,,39,TNOnc;10|TNCAcr;10,"Fine, kaolinitic, thermic. Typic Paleudults.",Typic Paleudults,225,90,140,210,315,[Tower top](https://phenocam.sr.unh.edu/webcam/sites/NEON.D07.ORNL.DP1.00033)|[Tower bottom](https://phenocam.sr.unh.edu/webcam/sites/NEON.D07.ORNL.DP1.00042),6
D03,OSBS,Ordway-Swisher Biological Station NEON,Core Terrestrial,,BARC|SUGG,University of Florida Foundation,https://ordway-swisher.ufl.edu/ResearchUse.aspx,Yes,This area is a very active research community and will required a site research permit.,Domain 03 Support Facility,29.689282,-81.993431,WGS84,3284767.489,403886.418,17N,Putnam,FL,USA,46,22,49,20.9,1302,NE,23,Emergent Herbaceous Wetlands|Evergreen Forest|Woody Wetlands,Quercus laevis (turkey oak)|Pinus palustris (longleaf pine)|Aristida beyrichia (Beyrich threeawn),,,,,,35,FLPOc;0,,Typic Quartzipsam-ments,245,70,150,190,315,[Tower top](https://phenocam.sr.unh.edu/webcam/sites/NEON.D03.OSBS.DP1.00033)|[Tower bottom](https://phenocam.sr.unh.edu/webcam/sites/NEON.D03.OSBS.DP1.00042),6
D02,POSE,Posey Creek NEON,Core Aquatic,Wadeable Stream,SCBI,Smithsonian Institution,,,,Domain 02 Support Facility,38.89431,-78.147258,WGS84,4308808.691,747457.7533,17N,Warren,VA,USA,276,,,11.8,1090,,,Deciduous Forest,,[h02070005](https://water.usgs.gov/lookup/getwatershed?02070005),South Fork Shenandoah,2,,,,VACAZc;0,,,,,,,,[Land-water interface](https://phenocam.sr.unh.edu/webcam/sites/NEON.D02.POSE.DP1.20002),
D11,PRIN,Pringle Creek NEON,Core Aquatic,Wadeable Stream,CLBJ,US Forest Service,https://www.fs.usda.gov/detail/texas/about-forest/districts/?cid=fswdev3_008440,Very Limited,Researchers should coordinate directly with the US Forest Service for permitting and approval. Site host is very limited to external research requests.,Domain 11 Support Facility,33.378517,-97.782312,WGS84,3693920.968,613271.5081,14N,Wise,TX,USA,253,,,17.5,898,,,Deciduous Forest|Grassland/Herbaceous,,[h12030101](https://water.usgs.gov/lookup/getwatershed?12030101),Upper West Fork Trinity,48.9,,,,TXKa;0,,,,,,,,[Land-water interface](https://phenocam.sr.unh.edu/webcam/sites/NEON.D11.PRIN.DP1.20002),
D09,PRLA,Prairie Lake NEON,Gradient Aquatic,Lake,DCFS,North Dakota Land Trust,https://www.land.nd.gov/,Yes,Reseachers should coordinate with the site manager.,Domain 09 Support Facility,47.15909,-99.11388,WGS84,5222849.742,491367.9402,14N,Stutsman,ND,USA,565,,,4.9,490,,,Grassland/Herbaceous,,[h10160002](https://water.usgs.gov/lookup/getwatershed?10160002),Pipestem,3.4,2.1,4.9,,NDQct;0,,,,,,,,[Land-water interface](https://phenocam.sr.unh.edu/webcam/sites/NEON.D09.PRLA.DP1.20002),
D09,PRPO,Prairie Pothole NEON,Core Aquatic,Lake,WOOD,US Fish and Wildlife Service,https://www.fws.gov/refuge/chase_lake/,Yes,This site host welcomes and encourages additional research activities related to the US Fish And Wildlife mission.,Domain 09 Support Facility,47.129839,-99.253147,WGS84,5219640.042,480997.9682,14N,Stutsman,ND,USA,579,,,4.9,494,,,Grassland/Herbaceous,,[h07050002](https://water.usgs.gov/lookup/getwatershed?07050002),Pipestem,2.1,1.7,4.1,,NDQccr;0,,,,,,,,[Land-water interface](https://phenocam.sr.unh.edu/webcam/sites/NEON.D09.PRPO.DP1.20002),
D20,PUUM,Pu'u Maka'ala Natural Area Reserve NEON,Core Terrestrial,,,Hawaii Forest Department of Land and Natural Resources,https://dlnr.hawaii.gov/ecosystems/nars/permits/,Yes,Researchers should coordinate with site manager and apply for a site research permit (3-6 months).,Domain 20 Support Facility,19.55309,-155.31731,WGS84,2163673.63,256868.7191,5N,Hawaii,HI,USA,1685,1034,1877,12.7,2657,,20,Evergreen Forest,Metrosideros polymorpha (ʻŌhiʻa)|Cibotium glaucum (hapu‘u)|Styphelia tameiameiae (pūkiawe),,,,,,32,Qk4|Qk2,,Typic Hapludands,365,,,,,[Tower top](https://phenocam.sr.unh.edu/webcam/sites/NEON.D20.PUUM.DP1.00033)|[Tower bottom](https://phenocam.sr.unh.edu/webcam/sites/NEON.D20.PUUM.DP1.00042),6
D15,REDB,Red Butte Creek NEON,Core Aquatic,Wadeable Stream,,"US Forest Service, University of Utah",https://www.fs.usda.gov/detail/uwcnf/about-forest/districts/?cid=fsem_035528|,Limited,Researchers should coordinate directly with the US Forest Service for permitting and approval.,Domain 15 Support Facility,40.783934,-111.79789,WGS84,4515056.814,432697.1044,12N,Salt Lake,UT,USA,1694,,,7.7,751,,,Deciduous Forest,,[h16020204](https://water.usgs.gov/lookup/getwatershed?16020204),Jordan,16.703218,,,,UTTR2;3,,,,,,,,[Land-water interface](https://phenocam.sr.unh.edu/webcam/sites/NEON.D15.REDB.DP1.20002),
D10,RMNP,Rocky Mountains NEON,Gradient Terrestrial,,,Roosevelt National Forest,https://www.fs.usda.gov/arp,Yes,Researchers should coordinate directly with the US Forest Service for permitting and approval.,Domain 10/13 Support Facility,40.275903,-105.54596,WGS84,4458524.203,453588.4118,13N,Larimer,CO,USA,2742,2454,3042,2.9,731,,19,Evergreen Forest,Pinus contorta (Lodgepole pine)|Abies lasiocarpa (Subalpine fir)|Pseudotsuga menziesii (Douglas-fir),,,,,,25,COYg;0,"Loamy, skeletal, mixed, superactive. Ustic Haplocryolls.",Ustic Haplocryolls,165,120,180,210,285,[Tower top](https://phenocam.sr.unh.edu/webcam/sites/NEON.D10.RMNP.DP1.00033)|[Tower bottom](https://phenocam.sr.unh.edu/webcam/sites/NEON.D10.RMNP.DP1.00042),5
D02,SCBI,Smithsonian Conservation Biology Institute NEON,Core Terrestrial,,POSE,Smithsonian Institution,https://www.si.edu/unit/conservation-biology-institute,Yes,Significant portions of the site are off-limits or have restricted access due to captive animal activities. Annual hunting activities may render this area completely inaccessible for short periods of time (1 or 2 days) over the course of the season. Most research activities require approval from a land-use committee; and stays longer than a month may require the researcher to apply for contractor credentials and submit to a background check.,Domain 02 Support Facility,38.892925,-78.139494,WGS84,4308784.078,748090.6473,17N,Warren,VA,USA,352,251,571,11.6,1126,SSE,35,Deciduous Forest|Evergreen Forest|Pasture/Hay,Liriodendron tulipifera (tulip tree)|Microstegium vimineum (Japanese stiltgrass)|Fraxinus americana (white ash),,,,,,52,VACAZc;0,"Loamy, skeletal, mixed, active, mesic. Ultic Hapludalfs.",Ultic Hapludalfs,245,85,150,220,320,[Tower top](https://phenocam.sr.unh.edu/webcam/sites/NEON.D02.SCBI.DP1.00033)|[Tower bottom](https://phenocam.sr.unh.edu/webcam/sites/NEON.D02.SCBI.DP1.00042),6
D02,SERC,Smithsonian Environmental Research Center NEON,Gradient Terrestrial,,,Smithsonian Institution,https://serc.si.edu/,Yes,"Some areas of the site have pre-existing experiments and a high density of markers, equipment, sensors etc. Care should be taken to coordinate and avoid impacting on-going work at the site. All researchers must be accompanied while on-site by at least one individual with an approved Visiting Scientist Agreement. Annual hunting activities may render this area completely inaccessible for short periods of time (1 or 2 days) over the course of the season.",Domain 02 Support Facility,38.890131,-76.560014,WGS84,4305735.3,364703.6624,18N,Anne Arundel,MD,USA,33,0,43,13.6,1075,NNW,38,Cultivated Crops|Deciduous Forest,Liriodendron tulipifera (tulip poplar)|Fagus grandifolia (American Beech)|Liquidambar styraciflua (American sweetgum),,,,,,62,MDTn;5,"Fine, loamy, mixed, active, mesic. Aquic Hapludults.",Aquic Hapludults,245,80,155,220,325,[Tower top](https://phenocam.sr.unh.edu/webcam/sites/NEON.D02.SERC.DP1.00033)|[Tower bottom](https://phenocam.sr.unh.edu/webcam/sites/NEON.D02.SERC.DP1.00042),6
D17,SJER,San Joaquin Experimental Range NEON,Core Terrestrial,,,US Forest Service,https://www.fs.fed.us/psw/ef/san_joaquin/,Yes,Researchers should coordinate directly with the US Forest Service for permitting and approval.,Domain 17 Support Facility,37.10878,-119.73228,WGS84,4110433.937,257213.9752,11N,Madera,CA,USA,400,252,502,16.4,540,NW,21,Evergreen Forest|Grassland/Herbaceous|Shrub/Scrub,Quercus douglasii (blue oak)|Erodium botrys (broadleaf filaree)|Bromus diandrus (great brome),,,,,,39,CAgrMZ3;0,,Psammentic Haploxerolls,250,270,65,95,155,[Tower top](https://phenocam.sr.unh.edu/webcam/sites/NEON.D17.SJER.DP1.00033)|[Tower bottom](https://phenocam.sr.unh.edu/webcam/sites/NEON.D17.SJER.DP1.00042),6
D17,SOAP,Soaproot Saddle NEON,Gradient Terrestrial,,,US Forest Service,https://www.fs.usda.gov/sierra/,Yes,Researchers should coordinate directly with the US Forest Service for permitting and approval.,Domain 17 Support Facility,37.03337,-119.26219,WGS84,4100967.253,298792.741,11N,Fresno,CA,USA,1210,1044,1373,13.4,900,NW,32,Evergreen Forest|Shrub/Scrub,Arctostaphylos viscida ssp. Mariposa (mariposa manzanita)|Chamaebatia foliolosa (mountain misery)|Quercus chrysolepis (canyon live oak),,,,,,52,CAgrMZ3;0,"Fine, loamy, mixed, semiactive, mesic. Ultic Haploxeralfs.",Ultic Haploxeralfs,200,90,155,185,290,[Tower top](https://phenocam.sr.unh.edu/webcam/sites/NEON.D17.SOAP.DP1.00033)|[Tower bottom](https://phenocam.sr.unh.edu/webcam/sites/NEON.D17.SOAP.DP1.00042),6
D14,SRER,Santa Rita Experimental Range NEON,Core Terrestrial,,,University of Arizona,https://taac.arizona.edu/sites/taac.arizona.edu/files/SRER%20Range%20Use%20Agreement%202014%20revised%5B1%5D.pdf,Yes,"SRER encourages research activities that do not conflict with on-going research. Researchers should apply directly for a site research permit. All proposed actions will be reviewed for potential impacts to cultural resources, endangered species and other research activities.",Domain 14 Support Facility,31.91068,-110.83549,WGS84,3530547.118,515553.9031,12N,Pima,AZ,USA,997,897,1461,19.3,346,ESE,2,Shrub/Scrub,Larrea tridentata (creosote bush)|Prosopis veluti (velvet mesquite)|Parkinsonia florida (blue palo verde),,,,,,8,AZQ;0,,Typic Torrifluvents,247,87|186,139|215,189|259,219|334,[Tower top](https://phenocam.sr.unh.edu/webcam/sites/NEON.D14.SRER.DP1.00033)|[Tower bottom](https://phenocam.sr.unh.edu/webcam/sites/NEON.D14.SRER.DP1.00042),4
D05,STEI,Steigerwaldt-Chequamegon NEON,Gradient Terrestrial,,,Private|Chequamegon Nicolet National Forest,|https://www.fs.usda.gov/cnnf/,Very Limited / Yes,Very limited available via private land owner. / NEON sampling area of this field site is located in Chequamegon Nicolet National Forest. Additional research may take place in this area with site host permission.,Domain 05 Support Facility,45.50894,-89.58637,WGS84,5042743.852,297968.6864,16N,Lincoln,WI,USA,476,466,536,4.8,797,WSW,20m (in surounding non-logged area) ,Deciduous Forest|Mixed Forest|Woody Wetlands,Populus tremuloides (quaking aspen)|Abies balsamea (balsam fir)|Acer rubrum (red maple),,,,,,22,WIXmi;0|WIXmv;0,"Coarse, loamy, mixed, superactive, frigid. Alfic Epiaquods.",Alfic Epiaquods,170,120,165,215,290,[Tower top](https://phenocam.sr.unh.edu/webcam/sites/NEON.D05.STEI.DP1.00033)|[Tower bottom](https://phenocam.sr.unh.edu/webcam/sites/NEON.D05.STEI.DP1.00042),6
D10,STER,North Sterling NEON,Gradient Terrestrial,,,Private,,Very Limited,Very limited available via private land owner.,Domain 10/13 Support Facility,40.461894,-103.02929,WGS84,4480891.098,667084.9559,13N,Logan,CO,USA,1365,1352,1371,9.7,433,NW,varies based on crops planted,Cultivated Crops,"Agriculture field, crops vary year to year",,,,,,8,COTo;0,"Fine, silty, mixed, superactive, mesic. Pachic Argiustolls.",Pachic Argiustolls,180,90,150,190,270,[Tower top](https://phenocam.sr.unh.edu/webcam/sites/NEON.D10.STER.DP1.00033)|[Tower bottom](https://phenocam.sr.unh.edu/webcam/sites/NEON.D10.STER.DP1.00042),4
D03,SUGG,Lake Suggs NEON,Core Aquatic,Lake,OSBS,University of Florida Foundation,https://ordway-swisher.ufl.edu/ResearchUse.aspx,Yes,This area is a very active research community and will required a site research permit.,Domain 03 Support Facility,29.68778,-82.017745,WGS84,3284541.044,401683.9696,17N,Putnam,FL,USA,32,,,20.9,1308,,,Evergreen Forest|Woody Wetlands,,,,39.6,2.1,3.2,,FLPOc;0,,,,,,,,[Land-water interface](https://phenocam.sr.unh.edu/webcam/sites/NEON.D03.SUGG.DP1.20002),
D14,SYCA,Sycamore Creek NEON,Core Aquatic,Wadeable Stream,,US Forest Service,https://www.fs.usda.gov/tonto/,Limited,Researchers should coordinate directly with the US Forest Service for permitting and approval.,Domain 14 Support Facility,33.750993,-111.50809,WGS84,3734447.851,453051.1385,12N,Maricopa,AZ,USA,645,,,20.7,409,,,Shrub/Scrub,,[h15060203](https://water.usgs.gov/lookup/getwatershed?15060203),Lower Verde,280.3,,,,AZTb;0,,,,,,,,[Land-water interface](https://phenocam.sr.unh.edu/webcam/sites/NEON.D14.SYCA.DP1.20002),
D08,TALL,Talladega National Forest NEON,Core Terrestrial,,MAYF,Talladega National Forest,https://www.fs.usda.gov/detail/alabama/about-forest/districts/?cid=fsbdev3_002555,Yes,Researchers should coordinate directly with the US Forest Service for permitting and approval.,Domain 08 Support Facility,32.95047,-87.393259,WGS84,3645863.573,463241.7192,16N,Bibb,AL,USA,166,63,179,17.2,1383,N,25,Deciduous Forest|Evergreen Forest|Mixed Forest,Quercus montana (Chestnut oak)|Liriodendron tulipifera (tulip tree)|Cornus florida (flowering dogwood),,,,,,35,ALKg;1|ALKck;1,"Fine, loamy, siliceous, subactive, thermic. Typic Hapludults.",Typic Hapludults,255,75,135,195,330,[Tower top](https://phenocam.sr.unh.edu/webcam/sites/NEON.D08.TALL.DP1.00033)|[Tower bottom](https://phenocam.sr.unh.edu/webcam/sites/NEON.D08.TALL.DP1.00042),5
D17,TEAK,Lower Teakettle NEON,Gradient Terrestrial,,,US Forest Service,https://www.fs.usda.gov/sierra/,Yes,Researchers should coordinate directly with the US Forest Service for permitting and approval.,Domain 17 Support Facility,37.00583,-119.00602,WGS84,4097400.183,321515.7352,11N,Fresno,CA,USA,2149,2086,2734,8,1223,NW,35,Evergreen Forest|Shrub/Scrub,Abies magnifica (red fir)|Abies concolor (white fir)|Pinus contorta (lodgepole pine),,,,,,59,CAQg;0,,Pachic Humixerepts,180,120,180,205,300,[Tower top](https://phenocam.sr.unh.edu/webcam/sites/NEON.D17.TEAK.DP1.00033)|[Tower bottom](https://phenocam.sr.unh.edu/webcam/sites/NEON.D17.TEAK.DP1.00042),7
D17,TECR,Teakettle Creek - Watershed 2 NEON,Core Aquatic,Wadeable Stream,,US Forest Service,https://www.fs.usda.gov/sierra/,Yes,Researchers should coordinate directly with the US Forest Service for permitting and approval.,Domain 17 Support Facility,36.955931,-119.02736,WGS84,319530.6268,4091831.328,11N,Fresno,CA,USA,2011,,,8.7,1175,,,Evergreen Forest,,[h18030010](https://water.usgs.gov/lookup/getwatershed?18030010),Upper King,3,,,,CAgrMZ3;0,,,,,,,,[Land-water interface](https://phenocam.sr.unh.edu/webcam/sites/NEON.D17.TECR.DP1.20002),
D08,TOMB,Lower Tombigbee River NEON,Gradient Aquatic,Non-wadeable River,LENO,US Army Corps of Engineers|Private,https://www.fws.gov/refuge/choctaw/|NA,Limited / Very Limited,"This area is primarily intended to provide recreational opportunities and is also classified as a hunting area. As such, access is very limited but potentially possible. / Very limited available via private land owner.",Domain 08 Support Facility,31.853431,-88.158872,WGS84,3524629.254,390152.1672,16N,Choctaw,AL,USA,20,,,18.1,1386,,,Mixed Forest,,[h03160201](https://water.usgs.gov/lookup/getwatershed?03160201),Middle Tombigbee-Chickasaw,47085.3,,,,ALHalt;0|ALwater;0,,,,,,,,[Land-water interface](https://phenocam.sr.unh.edu/webcam/sites/NEON.D08.TOMB.DP1.20002),
D18,TOOK,Toolik Lake NEON,Gradient Aquatic,Lake,TOOL,Bureau of Land Management,https://toolik.alaska.edu/user_guide/permits.php,Yes,Reseachers should coordinate with the site manager and submit a site research permit via Toolik Field Station.,Domain 18/19 Support Facility,68.630692,-149.61064,WGS84,7615309.612,393866.9558,6N,North Slope,AK,USA,715,,,-9,316,,,Dwarf Scrub,,[h19060401](https://water.usgs.gov/lookup/getwatershed?19060401),Kuparuk River,67.6,8.5,27,,A002.PS001_102,,,,,,,,[Land-water interface](https://phenocam.sr.unh.edu/webcam/sites/NEON.D18.TOOK.DP1.20002),
D18,TOOL,Toolik Field Station NEON,Core Terrestrial,,TOOK|OKSR,Bureau of Land Management,https://toolik.alaska.edu/user_guide/permits.php,Yes,Reseachers should coordinate with the site manager and submit a site research permit via Toolik Field Station.,Domain 18/19 Support Facility,68.66109,-149.37047,WGS84,7618427.659,403757.147,6N,North Slope,AK,USA,832,704,980,-9,316,S,0.3,Dwarf Scrub|Shrub/Scrub,Eriophorum vaginatum (tussock cottongrass)|Carex sp. (true sedges)|Vaccinium vitis-idaea (lingonberry),,,,,,9,A003.PS002_400,,Typic Histoturbels,80,160,185,205,240,[Tower top](https://phenocam.sr.unh.edu/webcam/sites/NEON.D18.TOOL.DP1.00033)|[Tower bottom](https://phenocam.sr.unh.edu/webcam/sites/NEON.D18.TOOL.DP1.00042),4
D05,TREE,Treehaven NEON,Gradient Terrestrial,,,University of Wisconsin-Stevens Point,https://www.uwsp.edu/cnr-ap/treehaven/Pages/Research-Form.aspx,Yes,Treehaven encourages research projects. Research activities may be limited based on other uses of this property and on-going projects.,Domain 05 Support Facility,45.49369,-89.58571,WGS84,5041047.894,297965.3164,16N,Lincoln,WI,USA,467,447,482,4.8,797,WSW,23,Deciduous Forest|Evergreen Forest|Mixed Forest|Woody Wetlands,Acer saccharum (sugar maple)|Acer rubrum (red maple)|Alnus incana (gray alder),,,,,,36,WIXmv;0,"Coarse, loamy, mixed, superactive, frigid. Alfic Haplorthods.",Alfic Haplorthods,170,120,165,215,290,[Tower top](https://phenocam.sr.unh.edu/webcam/sites/NEON.D05.TREE.DP1.00033)|[Tower bottom](https://phenocam.sr.unh.edu/webcam/sites/NEON.D05.TREE.DP1.00042),6
D06,UKFS,University of Kansas Field Station NEON,Gradient Terrestrial,,,University of Kansas,https://biosurvey.ku.edu/research,Yes,This site host welcomes and encourages research use that fits their mission and is compatible with their abilities as a host. Please plan on at more than two weeks advance notice to request and plan site access.,Domain 06 Support Facility,39.040431,-95.19215,WGS84,4323549.848,310276.2976,15N,Jefferson,KS,USA,322,272,332,12.7,990,SE,19,Deciduous Forest|Pasture/Hay,Fraxinus americana (white ash)|Symphoricarpos orbiculatus (coralberry)|Celtis occidentalis (common hackberry),,,,,,35,KSQgd;0,"Fine, smectitic, mesic. Pachic Argiudolls.",Pachic Argiudolls,255,75,160,210,330,[Tower top](https://phenocam.sr.unh.edu/webcam/sites/NEON.D06.UKFS.DP1.00033)|[Tower bottom](https://phenocam.sr.unh.edu/webcam/sites/NEON.D06.UKFS.DP1.00042),6
D05,UNDE,University of Notre Dame Environmental Research Center NEON,Core Terrestrial,,,University of Notre Dame,https://underc.nd.edu/underc-west/research-opportunities/,Yes,"UNDERC encourages research; subject to evaluation based on potential for scientific advancement, impact on the site, and consistency and compatibility with other designated, non-research, uses of the property.",Domain 05 Support Facility,46.23391,-89.537254,WGS84,5123162.886,304366.9502,16N,Gogebic,MI,USA,521,501,538,4.3,802,SSW,24,Deciduous Forest|Mixed Forest|Woody Wetlands,Acer saccharum (sugar maple)|Abies balsamea (balsam fir)|Acer rubrum (red maple),,,,,,39,MIAgn;0,"Coarse, loamy, mixed, superactive, frigid. Argic Fragiaquods.",Argic Fragiaquods,165,120,170,215,285,[Tower top](https://phenocam.sr.unh.edu/webcam/sites/NEON.D05.UNDE.DP1.00033)|[Tower bottom](https://phenocam.sr.unh.edu/webcam/sites/NEON.D05.UNDE.DP1.00042),6
D07,WALK,Walker Branch NEON,Core Aquatic,Wadeable Stream,ORNL,Department of Energy,https://www.ornl.gov/division/esd,Very Limited,There is currently no system in place to authorize access for additional research activities to this federally secure area. Coordinate directly with site manager.,Domain 07 Support Facility,35.957378,-84.279251,WGS84,3982872.555,745264.058,16N,Anderson,TN,USA,264,,,14.4,1340,,,Deciduous Forest,,[h06010207](https://water.usgs.gov/lookup/getwatershed?06010207),Lower Clinch,1.1,,,,TNOnc;10,,,,,,,,[Land-water interface](https://phenocam.sr.unh.edu/webcam/sites/NEON.D07.WALK.DP1.20002),
D13,WLOU,West St Louis Creek NEON,Gradient Aquatic,Wadeable Stream,,US Forest Service,https://www.fs.usda.gov/wps/portal/fsinternet/cs/main/!ut/p/z0/04_Sj9CPykssy0xPLMnMz0vMAfIjo8zijQwgwNHCwN_DI8zPwBcqYKBfkO2oCADIwpjI/?pname=Arapaho%2F&ss=110210&pnavid=null&navid=091000000000000&ttype=main&cid=null,Yes,Researchers should coordinate directly with the US Forest Service for permitting and approval.,Domain 10/13 Support Facility,39.891366,-105.9154,WGS84,4416100.982,421737.8532,13N,Grand,CO,USA,2908,,,1.5,655,,,Evergreen Forest,,[h14010001](https://water.usgs.gov/lookup/getwatershed?14010001),Colorado headwaters,4.9,,,,COXb;0,,,,,,,,[Land-water interface](https://phenocam.sr.unh.edu/webcam/sites/NEON.D13.WLOU.DP1.20002),
D09,WOOD,Chase Lake National Wildlife Refuge NEON,Core Terrestrial,,PRPO,US Fish and Wildlife Service,https://www.fws.gov/refuge/chase_lake/,Yes,This site host welcomes and encourages additional research activities related to the US Fish And Wildlife mission.,Domain 09 Support Facility,47.1282,-99.241334,WGS84,5219442.039,481694.7212,14N,Stutsman,ND,USA,591,569,606,4.9,494,NW,1,Emergent Herbaceous Wetlands|Grassland/Herbaceous,Poa pratensis (Kentucky bluegrass)|Elymus repens (couch grass)|Bromus inermis (smooth brome),,,,,,8,NDQcrh;0,"Coarse, loamy, over-sandy or sandy, skeletal, mixed, superactive, frigid. Typic Haplustolls.",Typic Haplustolls,170,120,180,210,290,[Tower top](https://phenocam.sr.unh.edu/webcam/sites/NEON.D09.WOOD.DP1.00033)|[Tower bottom](https://phenocam.sr.unh.edu/webcam/sites/NEON.D09.WOOD.DP1.00042),4
D16,WREF,Wind River Experimental Forest NEON,Core Terrestrial,,,"Pacific Northwest Research Station, US Forest Service",https://www.fs.usda.gov/pnw/,Yes,Reseachers should coordinate with the site manager and submit a site research permit. Various on-going research projects to be aware of at site.,Domain 16 Support Facility,45.82049,-121.95191,WGS84,5074636.87,581417.8024,10N,Skamania,WA,USA,351,300,1008,9.2,2225,NW,50,Evergreen Forest,Gaultheria shallon (salal)|Psuedotsuga menziesii (douglas fir)|Tsuga heterophylla (western hemlock),,,,,,74,WAQv;0,"Medial, amorphic, mesic. Typic Hapludands.",Typic Hapludands,175,115,165,210,290,[Tower top](https://phenocam.sr.unh.edu/webcam/sites/NEON.D16.WREF.DP1.00033)|[Tower bottom](https://phenocam.sr.unh.edu/webcam/sites/NEON.D16.WREF.DP1.00042),8
D12,YELL,Yellowstone National Park NEON,Core Terrestrial,,BLDE|YELL,National Park Service,https://irma.nps.gov/rprs/,Limited,The National Park Service is open to additional research activities taking place in this area. Apply via IRMA Permitting portal. NEON research area is limited to additional research due to sensitivity.,Domain 12 Support Facility,44.95348,-110.53914,WGS84,4977885.935,536352.1992,12N,Park,WY,USA,2133,1847,2244,3.4,493,SSE,14,Evergreen Forest|Grassland/Herbaceous|Shrub/Scrub,Artemisia tridentata (big sagebrush)|Pseudotsuga menziesii (douglas fir)|Pinus contorta (lodgepole pine),,,,,,18,WYQb;0|WYTs;0,,Pachic Argiustolls,144,125,169,193,269,[Tower top](https://phenocam.sr.unh.edu/webcam/sites/NEON.D12.YELL.DP1.00033)|[Tower bottom](https://phenocam.sr.unh.edu/webcam/sites/NEON.D12.YELL.DP1.00042),5
